{"test_loss_mean": 1.2398294212239183, "test_loss_std": 0.5172765272759466, "test_accuracy": 0.7058823529411765}
