{"test_loss_mean": 0.5344070370919247, "test_loss_std": 0.4344559752598385, "test_accuracy": 0.7702702702702703}
