{
  "version": "1.0",
  "A": [
    [
      -4.7628177859403378,
      0.0548736150189329
    ],
    [
      -1.2457523398673711,
      -3.8473970014254495
    ]
  ],
  "B": [
    -0.35067212837919609,
    -0.43756387990880041
  ],
  "C": [
    [
      0.4224086254951373,
      0.55457475489824259
    ],
    [
      -0.40169211867190657,
      0.87640914374609968
    ]
  ],
  "X0": {
    "type": "interval",
    "lowerbound": [
      4.8580200577989734,
      4.9561897976574629
    ],
    "upperbound": [
      5.1419799422010266,
      5.0438102023425371
    ]
  },
  "U": {
    "type": "interval",
    "lowerbound": -0.010287892949308649,
    "upperbound": -0.010283468754366896
  },
  "tend": 1.7579573043734289,
  "unsafeSet": [
    {
      "type": "interval",
      "lowerbound": [
        -1.291179775894248,
        -0.081110909094638917
      ],
      "upperbound": [
        -0.13277811847534904,
        1.15631793729613
      ]
    },
    {
      "type": "interval",
      "lowerbound": [
        -3.4980176475574227,
        -2.9104983884835862
      ],
      "upperbound": [
        -0.13364078500531718,
        -0.10831831265012903
      ]
    }
  ]
}