{
  "version": "1.0",
  "A": [
    [
      -3.23572482820897,
      0.16706659053778172
    ],
    [
      -0.31559399997253723,
      -3.3165373443196522
    ]
  ],
  "B": [
    0.4124488705282599,
    0.53327121249920517
  ],
  "C": [
    [
      0.98868089028870054,
      0.040840377520821224
    ],
    [
      -0.37781870322037275,
      -0.43875082009799188
    ]
  ],
  "X0": {
    "type": "interval",
    "lowerbound": [
      4.9338378858110863,
      4.9986018143253492
    ],
    "upperbound": [
      5.0661621141889137,
      5.0013981856746508
    ]
  },
  "U": {
    "type": "interval",
    "lowerbound": 0.016682029982787887,
    "upperbound": 0.01669576102008942
  },
  "tend": 2.1085100373254217,
  "unsafeSet": [
    {
      "type": "interval",
      "lowerbound": [
        -3.4231642934567788,
        -0.93525050715654323
      ],
      "upperbound": [
        0.9169328405934547,
        1.2718590603285376
      ]
    },
    {
      "type": "interval",
      "lowerbound": [
        -0.67874974623608941,
        -1.0925786681947902
      ],
      "upperbound": [
        1.3912151812820812,
        1.1973152756325354
      ]
    }
  ]
}